MA,6,Deputado Federal,2233,MARIA DEUSDETE LIMA CUNHA RODRIGUES,DETINHA,PL,PL,1,Eleito,2022-10-03 03:11:03,MA,100001603115,Válido,2040602022,161206,3710277
MA,6,Deputado Federal,4444,PEDRO LUCAS ANDRADE FERNANDES RIBEIRO,PEDRO LUCAS FERNANDES,UNIÃO,UNIÃO,1,Eleito,2022-10-03 03:11:03,MA,100001610559,Válido,2040602022,159786,3710277
MA,6,Deputado Federal,2222,JOSIMAR CUNHA RODRIGUES,JOSIMAR MARANHÃOZINHO,PL,PL,1,Eleito,2022-10-03 03:11:03,MA,100001603114,Válido,2040602022,158360,3710277
MA,6,Deputado Federal,4410,JOSÉ JUSCELINO DOS SANTOS REZENDE FILHO,JUSCELINO FILHO,UNIÃO,UNIÃO,1,Eleito,2022-10-03 03:11:03,MA,100001610561,Válido,2040602022,142419,3710277
MA,6,Deputado Federal,1111,ANDRÉ LUIZ CARVALHO RIBEIRO,ANDRÉ FUFUCA,PP,PP,1,Eleito,2022-10-03 03:11:03,MA,100001608075,Válido,2040602022,135078,3710277
MA,6,Deputado Federal,2020,ALUISIO GUIMARAES MENDES FILHO,ALUISIO MENDES,PSC,PSC,1,Eleito,2022-10-03 03:11:03,MA,100001615465,Válido,2040602022,126577,3710277
MA,6,Deputado Federal,5122,ANTONIO DA CRUZ FILGUEIRA NETO,MARRECA FILHO,PATRIOTA,PATRIOTA,1,Eleito,2022-10-03 03:11:03,MA,100001608201,Válido,2040602022,116246,3710277
MA,6,Deputado Federal,4010,HILDELIS SILVA DUARTE JUNIOR,DUARTE,PSB,PSB,1,Eleito,2022-10-03 03:11:03,MA,100001607052,Válido,2040602022,111019,3710277
MA,6,Deputado Federal,1100,AMANDA KELLY GENTIL GUIMARÃES ROSA,AMANDA GENTIL,PP,PP,1,Eleito,2022-10-03 03:11:03,MA,100001608073,Válido,2040602022,108699,3710277
MA,6,Deputado Federal,6513,MARCIO JERRY SARAIVA BARROSO,MARCIO JERRY,PC do B,PT / PV / PC do B,1,Eleito,2022-10-03 03:11:03,MA,100001613708,Válido,2040602022,106143,3710277
MA,6,Deputado Federal,1515,ROSEANA SARNEY MURAD,ROSEANA SARNEY,MDB,MDB,1,Eleito,2022-10-03 03:11:03,MA,100001599082,Válido,2040602022,97008,3710277
MA,6,Deputado Federal,1516,HILDO AUGUSTO DA ROCHA NETO,HILDO ROCHA,MDB,MDB,1,Suplente,2022-10-03 03:11:03,MA,100001599078,Válido,2040602022,96281,3710277
MA,6,Deputado Federal,1919,FÁBIO HENRIQUE DIAS DE MACEDO,FÁBIO MACEDO,PODE,PODE,1,Eleito,2022-10-03 03:11:03,MA,100001614966,Válido,2040602022,95270,3710277
MA,6,Deputado Federal,2200,JOSÉ LOURENÇO BONFIM JÚNIOR,JÚNIOR LOURENÇO,PL,PL,1,Eleito,2022-10-03 03:11:03,MA,100001603111,Válido,2040602022,93123,3710277
MA,6,Deputado Federal,1340,RUBENS PEREIRA E SILVA JUNIOR,RUBENS PEREIRA JR,PT,PT / PV / PC do B,1,Eleito,2022-10-03 03:11:03,MA,100001613704,Válido,2040602022,91872,3710277
MA,6,Deputado Federal,5511,JOSIVALDO DOS SANTOS MELO,JOSIVALDO JP,PSD,PSD,1,Eleito,2022-10-03 03:11:03,MA,100001602275,Válido,2040602022,79699,3710277
MA,6,Deputado Federal,5533,EDILÁZIO GOMES DA SILVA JUNIOR,EDILÁZIO JÚNIOR,PSD,PSD,1,Suplente,2022-10-03 03:11:03,MA,100001602261,Válido,2040602022,71999,3710277
MA,6,Deputado Federal,1010,CLEBER VERDE CORDEIRO MENDES,CLEBER VERDE,REPUBLICANOS,REPUBLICANOS,1,Eleito,2022-10-03 03:11:03,MA,100001602015,Válido,2040602022,70275,3710277
MA,6,Deputado Federal,2244,GILDENEMIR DE LIMA SOUSA,PASTOR  GIL,PL,PL,1,Eleito,2022-10-03 03:11:03,MA,100001603099,Válido,2040602022,69530,3710277
MA,6,Deputado Federal,4011,CLAYTON NOLETO SILVA,CLAYTON NOLETO,PSB,PSB,1,Suplente,2022-10-03 03:11:03,MA,100001607054,Válido,2040602022,64353,3710277
MA,6,Deputado Federal,4000,UBIRAJARA DO PINDARÉ ALMEIDA SOUSA,BIRA DO PINDARÉ,PSB,PSB,1,Suplente,2022-10-03 03:11:03,MA,100001607048,Válido,2040602022,60922,3710277
MA,6,Deputado Federal,1933,ANTÔNIO ELIZABETH GONÇALO DE SOUSA,"COLETIVO DR,GONÇALO",PODE,PODE,1,Suplente,2022-10-03 03:11:03,MA,100001614972,Válido,2040602022,58107,3710277
MA,6,Deputado Federal,1313,JOSÉ CARLOS NUNES JÚNIOR,ZÉ CARLOS,PT,PT / PV / PC do B,1,Suplente,2022-10-03 03:11:03,MA,100001613717,Válido,2040602022,57909,3710277
MA,6,Deputado Federal,1555,JOÃO MARCELO SANTOS SOUZA,JOÃO MARCELO,MDB,MDB,1,Suplente,2022-10-03 03:11:03,MA,100001599087,Válido,2040602022,56074,3710277
MA,6,Deputado Federal,6565,FLAVIA MARIA GOMES PARENTE ALVES MACIEL,FLAVIA ALVES,PC do B,PT / PV / PC do B,1,Suplente,2022-10-03 03:11:03,MA,100001613706,Válido,2040602022,55810,3710277
MA,6,Deputado Federal,1212,MARCIO JOSE HONAISER,MÁRCIO HONAISER,PDT,PDT,1,Eleito,2022-10-03 03:11:03,MA,100001601143,Válido,2040602022,54547,3710277
MA,6,Deputado Federal,1000,GILLIANO FRED NASCIMENTO CUTRIM,GIL CUTRIM,REPUBLICANOS,REPUBLICANOS,1,Suplente,2022-10-03 03:11:03,MA,100001602010,Válido,2040602022,53675,3710277
MA,6,Deputado Federal,2022,TACILLA MARIANA CARVALHO SILVA,MARIANA CARVALHO,PSC,PSC,1,Suplente,2022-10-03 03:11:03,MA,100001615471,Válido,2040602022,46955,3710277
MA,6,Deputado Federal,5188,WOLMER DE AZEVEDO ARAUJO,WOLMER ARAUJO,PATRIOTA,PATRIOTA,1,Suplente,2022-10-03 03:11:03,MA,100001608217,Válido,2040602022,43249,3710277
MA,6,Deputado Federal,1012,MARIA ROSANA DA SILVA,ROSANA DA SAÚDE,REPUBLICANOS,REPUBLICANOS,1,Suplente,2022-10-03 03:11:03,MA,100001602012,Válido,2040602022,38457,3710277
MA,6,Deputado Federal,1211,KARLA LUCYANA SOARES CANTO COSTA,LUCYANA GENESIO,PDT,PDT,1,Suplente,2022-10-03 03:11:03,MA,100001601140,Válido,2040602022,36991,3710277
MA,6,Deputado Federal,5522,JOSÉ ALVES CAVALCANTE,PASTOR CAVALCANTE,PSD,PSD,1,Suplente,2022-10-03 03:11:03,MA,100001602270,Válido,2040602022,36521,3710277
MA,6,Deputado Federal,2324,GUILHERME HENRIQUE BRANCO DE OLIVEIRA,GUILHERME OLIVEIRA,CIDADANIA,CIDADANIA / PSDB,1,Não Eleito,2022-10-03 03:11:03,MA,100001618097,Válido,2040602022,30181,3710277
MA,6,Deputado Federal,2228,SILVIO ANTONIO GUIMARÃES MACHADO,SILVIO ANTONIO,PL,PL,1,Suplente,2022-10-03 03:11:03,MA,100001603104,Válido,2040602022,25150,3710277
MA,6,Deputado Federal,4400,BENJAMIM DE OLIVEIRA,DR BENJAMIM,UNIÃO,UNIÃO,1,Suplente,2022-10-03 03:11:03,MA,100001610552,Válido,2040602022,22640,3710277
MA,6,Deputado Federal,2255,PAULO CELSO FONSECA MARINHO JUNIOR,PAULO MARINHO JR,PL,PL,1,Suplente,2022-10-03 03:11:03,MA,100001603109,Válido,2040602022,22033,3710277
MA,6,Deputado Federal,1333,GILVANIA FERREIRA DA SILVA,VANIA DO MST,PT,PT / PV / PC do B,1,Suplente,2022-10-03 03:11:03,MA,100001613718,Válido,2040602022,21761,3710277
MA,6,Deputado Federal,1500,EDISON LOBÃO FILHO,LOBÃO FILHO,MDB,MDB,1,Suplente,2022-10-03 03:11:03,MA,100001599076,Válido,2040602022,21459,3710277
MA,6,Deputado Federal,1234,FABIO ROGERIO BARBOSA CAMARA,FABIO CAMARA,PDT,PDT,1,Suplente,2022-10-03 03:11:03,MA,100001601135,Válido,2040602022,20928,3710277
MA,6,Deputado Federal,2212,LUCIANO RODRIGUES SEIDEL,LUCIANO GALEGO,PL,PL,1,Suplente,2022-10-03 03:11:03,MA,100001603105,Válido,2040602022,20643,3710277
MA,6,Deputado Federal,2225,HENRIQUE CESAR FERREIRA DE MELO LIMA JUNIOR,HENRIQUE JUNIOR,PL,PL,1,Suplente,2022-10-03 03:11:03,MA,100001603110,Válido,2040602022,19450,3710277
MA,6,Deputado Federal,1122,ALLAN QUADROS GARCES,ALLAN GARCES,PP,PP,1,Suplente,2022-10-03 03:11:03,MA,100001608083,Válido,2040602022,18114,3710277
MA,6,Deputado Federal,2000,FLAVIA TEREZA BERTHIER DA SILVA BARROS CUNHA,FLAVIA BERTHIER,PSC,PSC,1,Suplente,2022-10-03 03:11:03,MA,100001615462,Válido,2040602022,17888,3710277
MA,6,Deputado Federal,5190,JUAREZ MEDEIROS SOBRINHO,CORONEL MEDEIROS,PATRIOTA,PATRIOTA,1,Suplente,2022-10-03 03:11:03,MA,100001608209,Válido,2040602022,17815,3710277
MA,6,Deputado Federal,1355,GASTÃO DIAS VIEIRA,GASTÃO VIEIRA,PT,PT / PV / PC do B,1,Suplente,2022-10-03 03:11:03,MA,100001613711,Válido,2040602022,17070,3710277
MA,6,Deputado Federal,5111,AIRES DO ESPIRITO SANTO RIBEIRO NETO,RIBEIRO NETO,PATRIOTA,PATRIOTA,1,Suplente,2022-10-03 03:11:03,MA,100001608200,Válido,2040602022,15995,3710277
MA,6,Deputado Federal,2266,JOAQUIM UMBELINO RIBEIRO JUNIOR,UMBELINO JUNIOR,PL,PL,1,Suplente,2022-10-03 03:11:03,MA,100001603097,Válido,2040602022,14440,3710277
MA,6,Deputado Federal,4040,HIGOR HEIDER ALMEIDA LIMA,HIGOR,PSB,PSB,1,Suplente,2022-10-03 03:11:03,MA,100001607053,Válido,2040602022,12806,3710277
MA,6,Deputado Federal,1255,JEFFERSON MILER PORTELA E SILVA,JEFFERSON PORTELA,PDT,PDT,1,Suplente,2022-10-03 03:11:03,MA,100001601130,Válido,2040602022,11152,3710277
MA,6,Deputado Federal,1900,EXPEDITO RODRIGUES SILVA JÚNIOR,EXPEDITO JÚNIOR,PODE,PODE,1,Suplente,2022-10-03 03:11:03,MA,100001614976,Válido,2040602022,10956,3710277
MA,6,Deputado Federal,1910,EDIMAR DE AGUIAR FRANCO,EDIMAR FRANCO,PODE,PODE,1,Suplente,2022-10-03 03:11:03,MA,100001614975,Válido,2040602022,9853,3710277
MA,6,Deputado Federal,5100,JARDEL BOMJARDIM MARTINS,JARDEL BOMJARDIM,PATRIOTA,PATRIOTA,1,Suplente,2022-10-03 03:11:03,MA,100001608205,Válido,2040602022,9669,3710277
MA,6,Deputado Federal,1510,CARLOS VICTOR GUTERRES MENDES,VICTOR MENDES,MDB,MDB,1,Suplente,2022-10-03 03:11:03,MA,100001599085,Válido,2040602022,9549,3710277
MA,6,Deputado Federal,1288,DANIEL PEREIRA BARROS,DANIEL BARROS,PDT,PDT,1,Suplente,2022-10-03 03:11:03,MA,100001601134,Válido,2040602022,9381,3710277
MA,6,Deputado Federal,2011,JECONIAS DA SILVA MORAES,JACONIAS MORAES,PSC,PSC,1,Suplente,2022-10-03 03:11:03,MA,100001615468,Válido,2040602022,9184,3710277
MA,6,Deputado Federal,1955,RAIMUNDO COELHO DE SOUSA,RAIMUNDO COELHO,PODE,PODE,1,Suplente,2022-10-03 03:11:03,MA,100001614968,Válido,2040602022,9142,3710277
MA,6,Deputado Federal,1945,SÉRGIO BARBOSA FROTA,SÉRGIO FROTA,PODE,PODE,1,Suplente,2022-10-03 03:11:03,MA,100001614979,Válido,2040602022,8930,3710277
MA,6,Deputado Federal,2201,JOSÉ RIBAMAR MONTEIRO SEGUNDO,CORONEL MONTEIRO,PL,PL,1,Suplente,2022-10-03 03:11:03,MA,100001603098,Válido,2040602022,8775,3710277
MA,6,Deputado Federal,2077,ARNOLDO REIS PEREIRA PONTES,ARNOLDO DO FRANGO,PSC,PSC,1,Suplente,2022-10-03 03:11:03,MA,100001615466,Válido,2040602022,8341,3710277
MA,6,Deputado Federal,2333,FRANCISCO ROBERTO BRANDÃO FERREIRA,PROFESSOR ROBERTO BRANDÃO,CIDADANIA,CIDADANIA / PSDB,1,Não Eleito,2022-10-03 03:11:03,MA,100001618103,Válido,2040602022,8159,3710277
MA,6,Deputado Federal,1940,CAMILO DE LELLIS CARNEIRO FIGUEIREDO,CAMILO FIGUEIREDO,PODE,PODE,1,Suplente,2022-10-03 03:11:03,MA,100001614973,Válido,2040602022,7641,3710277
MA,6,Deputado Federal,1210,JOSE CARLOS COSTA ARAUJO JUNIOR,"ENF,JOSÉ CARLOS",PDT,PDT,1,Suplente,2022-10-03 03:11:03,MA,100001601138,Válido,2040602022,7273,3710277
MA,6,Deputado Federal,1144,REMY ALVES SOARES FILHO,REMY SOARES,PP,PP,1,Suplente,2022-10-03 03:11:03,MA,100001608072,Válido,2040602022,7270,3710277
MA,6,Deputado Federal,1140,RODRIGO SILVA DE MEDEIROS PASSOS,RODRIGO BRASMAR,PP,PP,1,Suplente,2022-10-03 03:11:03,MA,100001608070,Válido,2040602022,7174,3710277
MA,6,Deputado Federal,1020,LUANA MARIA DA SILVA COSTA,DRA LUANA,REPUBLICANOS,REPUBLICANOS,1,Suplente,2022-10-03 03:11:03,MA,100001602009,Válido,2040602022,6719,3710277
MA,6,Deputado Federal,4420,MAURO IVAN FARIAS DE SANTIAGO JUNIOR,IVAN JUNIOR,UNIÃO,UNIÃO,1,Suplente,2022-10-03 03:11:03,MA,100001610556,Válido,2040602022,6647,3710277
MA,6,Deputado Federal,1011,JONAS MAGNO MACHADO MORAES,JONAS MAGNO,REPUBLICANOS,REPUBLICANOS,1,Suplente,2022-10-03 03:11:03,MA,100001602011,Válido,2040602022,6622,3710277
MA,6,Deputado Federal,5555,PAULO FACUNDO NETO,PAULO FACUNDO,PSD,PSD,1,Suplente,2022-10-03 03:11:03,MA,100001602272,Válido,2040602022,6594,3710277
MA,6,Deputado Federal,4455,EGÍDIO AUGUSTO AMARAL SOARES,CORONEL EGIDIO,UNIÃO,UNIÃO,1,Suplente,2022-10-03 03:11:03,MA,100001610543,Válido,2040602022,6573,3710277
MA,6,Deputado Federal,1944,JOSÉ RAIMUNDO DE SÁ MARQUES,PROF SÁ MARQUES,PODE,PODE,1,Suplente,2022-10-03 03:11:03,MA,100001614967,Válido,2040602022,6422,3710277
MA,6,Deputado Federal,5510,CAROLINE FERNANDA SOUSA BOUERES DOS SANTOS,DRA CAROL,PSD,PSD,1,Suplente,2022-10-03 03:11:03,MA,100001602278,Válido,2040602022,6342,3710277
MA,6,Deputado Federal,2245,OCILÉIA FERNANDES CARNEIRO,OCILÉIA FERNANDES,PL,PL,1,Suplente,2022-10-03 03:11:03,MA,100001603112,Válido,2040602022,6199,3710277
MA,6,Deputado Federal,1300,FRANSUILA DAS CHAGAS LOPES FARIAS,FRANSUÍLA,PT,PT / PV / PC do B,1,Suplente,2022-10-03 03:11:03,MA,100001613713,Válido,2040602022,6136,3710277
MA,6,Deputado Federal,2323,ELIEL PEREIRA GAMA,ELIEL GAMA,CIDADANIA,CIDADANIA / PSDB,1,Não Eleito,2022-10-03 03:11:03,MA,100001618101,Válido,2040602022,5995,3710277
MA,6,Deputado Federal,4445,MAGRADO AROUCHA BARROS,MAGRADO,UNIÃO,UNIÃO,1,Suplente,2022-10-03 03:11:03,MA,100001610555,Válido,2040602022,5775,3710277
MA,6,Deputado Federal,5500,OLÍVIA RACHEL SOUSA DE OLIVEIRA LEMOS,OLÍVIA OLIVEIRA,PSD,PSD,1,Suplente,2022-10-03 03:11:03,MA,100001602263,Válido,2040602022,5773,3710277
MA,6,Deputado Federal,2300,WESLEY SOUSA CORREA,WESLEY SOUSA,CIDADANIA,CIDADANIA / PSDB,1,Não Eleito,2022-10-03 03:11:03,MA,100001618102,Válido,2040602022,5603,3710277
MA,6,Deputado Federal,1133,HUMBERTO CARLOS VALE FEITOSA,DR HUMBERTO,PP,PP,1,Suplente,2022-10-03 03:11:03,MA,100001608076,Válido,2040602022,5298,3710277
MA,6,Deputado Federal,2034,CELIO ALEX ALVES PAIVA,ALEX PAIVA,PSC,PSC,1,Suplente,2022-10-03 03:11:03,MA,100001615467,Válido,2040602022,5207,3710277
MA,6,Deputado Federal,1155,FRANCISCO MENEZES SOUZA,CHICÃO DA PARABÓLICA,PP,PP,1,Suplente,2022-10-03 03:11:03,MA,100001608067,Válido,2040602022,5086,3710277
MA,6,Deputado Federal,5115,JONATHAN HENRIQUE CORREA RODRIGUES,SARGENTO JHOY,PATRIOTA,PATRIOTA,1,Suplente,2022-10-03 03:11:03,MA,100001608214,Válido,2040602022,4972,3710277
MA,6,Deputado Federal,5544,VALDENIR GOMES,VALDENIR GOMES,PSD,PSD,1,Suplente,2022-10-03 03:11:03,MA,100001602271,Válido,2040602022,4951,3710277
MA,6,Deputado Federal,6541,PEDRO FERREIRA OLIVEIRA,PEDRO BELO,PC do B,PT / PV / PC do B,1,Suplente,2022-10-03 03:11:03,MA,100001613705,Válido,2040602022,4946,3710277
MA,6,Deputado Federal,1311,RAIMUNDO MONTEIRO DOS SANTOS,MONTEIRO,PT,PT / PV / PC do B,1,Suplente,2022-10-03 03:11:03,MA,100001613712,Válido,2040602022,4662,3710277
MA,6,Deputado Federal,4433,RÔMULO AUGUSTO TROVÃO MOREIRA LIMA,RÔMULO AUGUSTO,UNIÃO,UNIÃO,1,Suplente,2022-10-03 03:11:03,MA,100001610557,Válido,2040602022,4658,3710277
MA,6,Deputado Federal,7007,ANALAMACIA PEREIRA DE BRITO,ANALAMACIA BRITO,AVANTE,AVANTE,1,Não Eleito,2022-10-03 03:11:03,MA,100001723258,Válido,2040602022,4534,3710277
MA,6,Deputado Federal,1213,VALMIR DE MORAIS LIMA,VALMIR MORAIS,PDT,PDT,1,Suplente,2022-10-03 03:11:03,MA,100001601137,Válido,2040602022,4526,3710277
MA,6,Deputado Federal,1512,KELLY INAIANE NALVA DOS SANTOS DIAS,KELLY DA ENFERMAGEM,MDB,MDB,1,Suplente,2022-10-03 03:11:03,MA,100001599080,Válido,2040602022,4333,3710277
MA,6,Deputado Federal,2223,MARY JANNE FERREIRA GOMES,MARY DO MOJÓ,PL,PL,1,Suplente,2022-10-03 03:11:03,MA,100001603103,Válido,2040602022,4323,3710277
MA,6,Deputado Federal,1233,ROSIANE VICENTINI DE MORAIS,ROSI VICENTINI,PDT,PDT,1,Suplente,2022-10-03 03:11:03,MA,100001601136,Válido,2040602022,4317,3710277
MA,6,Deputado Federal,1044,JURAN CARVALHO DE SOUZA,JURAN CARVALHO,REPUBLICANOS,REPUBLICANOS,1,Suplente,2022-10-03 03:11:03,MA,100001602013,Válido,2040602022,4165,3710277
MA,6,Deputado Federal,2242,LUIZA NASCIMENTO LIMA,LUIZA DO FRIAGRO,PL,PL,1,Suplente,2022-10-03 03:11:03,MA,100001603106,Válido,2040602022,4061,3710277
MA,6,Deputado Federal,1222,FRANCISCO CASSIO DOS REIS CONCEICAO,CASSIO,PDT,PDT,1,Suplente,2022-10-03 03:11:03,MA,100001601142,Válido,2040602022,4048,3710277
MA,6,Deputado Federal,2038,JOSE RODRIGUES FERNANDES JUNIOR,JUNIOR MARTINS,PSC,PSC,1,Suplente,2022-10-03 03:11:03,MA,100001615474,Válido,2040602022,3962,3710277
MA,6,Deputado Federal,1994,MARCOS ANTÔNIO RAMOS BARROS,"BOMBEIRO R,BARROS COLETIVO",PODE,PODE,1,Suplente,2022-10-03 03:11:03,MA,100001614978,Válido,2040602022,3864,3710277
MA,6,Deputado Federal,5155,GILMAR SOUSA DOS ANJOS,COLETIVO PMBM SGT GILMAR ANJOS,PATRIOTA,PATRIOTA,1,Suplente,2022-10-03 03:11:03,MA,100001608204,Válido,2040602022,3661,3710277
MA,6,Deputado Federal,1266,ROMULO SOUZA VASCONCELOS,DELEGADO ROMULO,PDT,PDT,1,Suplente,2022-10-03 03:11:03,MA,100001601139,Válido,2040602022,3650,3710277
MA,6,Deputado Federal,4414,KATYANE RIVONE DE ALBUQUERQUE LEITE,KATYANE LEITE,UNIÃO,UNIÃO,1,Suplente,2022-10-03 03:11:03,MA,100001610549,Válido,2040602022,3589,3710277
MA,6,Deputado Federal,1511,ALAIR BATISTA FIRMIANO,DR ALAIR,MDB,MDB,1,Suplente,2022-10-03 03:11:03,MA,100001599073,Válido,2040602022,3507,3710277
MA,6,Deputado Federal,4044,MARIA DA CONCEIÇÃO MARQUES,CONCEIÇÃO MARQUES,PSB,PSB,1,Suplente,2022-10-03 03:11:03,MA,100001607059,Válido,2040602022,3487,3710277
MA,6,Deputado Federal,2363,JOSE NOGUEIRA FILHO,NOGUEIRA PROTETOR,CIDADANIA,CIDADANIA / PSDB,1,Não Eleito,2022-10-03 03:11:03,MA,100001618113,Válido,2040602022,3461,3710277
MA,6,Deputado Federal,1145,ROBERTO SILVA MAUES,ROBERTO MAUES,PP,PP,1,Suplente,2022-10-03 03:11:03,MA,100001608084,Válido,2040602022,3361,3710277
MA,6,Deputado Federal,5599,JUCIANE MARQUES FERNANDES,JUCIANE MARQUES,PSD,PSD,1,Suplente,2022-10-03 03:11:03,MA,100001602262,Válido,2040602022,3241,3710277
MA,6,Deputado Federal,5151,MÁRCIO JOSÉ DE OLIVEIRA LIMA,MÁRCIO KIZOEIRA,PATRIOTA,PATRIOTA,1,Suplente,2022-10-03 03:11:03,MA,100001608215,Válido,2040602022,3157,3710277
MA,6,Deputado Federal,6524,DANIEL VAZ ABREU,FOCA,PC do B,PT / PV / PC do B,1,Suplente,2022-10-03 03:11:03,MA,100001613710,Válido,2040602022,3154,3710277
MA,6,Deputado Federal,5144,MAYANE MARTINS PEREIRA,MAYANE MARTINS,PATRIOTA,PATRIOTA,1,Suplente,2022-10-03 03:11:03,MA,100001608207,Válido,2040602022,3124,3710277
MA,6,Deputado Federal,4499,WELTON SOUSA MARTINS,TENENTE WELTON,UNIÃO,UNIÃO,1,Suplente,2022-10-03 03:11:03,MA,100001610551,Válido,2040602022,3004,3710277
MA,6,Deputado Federal,5512,WECSLEYA OLIVEIRA ABREU DOS SANTOS,LEYNHA OLIVEIRA,PSD,PSD,1,Suplente,2022-10-03 03:11:03,MA,100001602276,Válido,2040602022,2984,3710277
MA,6,Deputado Federal,2023,EDI VIEGA GOMES,DR EDI VIEGA TERAP,PSC,PSC,1,Suplente,2022-10-03 03:11:03,MA,100001615461,Válido,2040602022,2956,3710277
MA,6,Deputado Federal,1331,AUGUSTO CESAR BASTOS LOBATO,AUGUSTOLOBATO COLETIVOBALAIADA,PT,PT / PV / PC do B,1,Suplente,2022-10-03 03:11:03,MA,100001613714,Válido,2040602022,2937,3710277
MA,6,Deputado Federal,3003,JOSÉ ANDERSON ABREU ROCHA,ANDERSON ROCHA,NOVO,NOVO,1,Não Eleito,2022-10-03 03:11:03,MA,100001610039,Válido,2040602022,2835,3710277
MA,6,Deputado Federal,1200,WALDIR MARANHAO CARDOSO,WALDIR MARANHÃO,PDT,PDT,1,Suplente,2022-10-03 03:11:03,MA,100001601141,Válido,2040602022,2816,3710277
MA,6,Deputado Federal,2088,CLAUDIO ANTONIO LIMA FURTADO,CLAUDIO FURTADO,PSC,PSC,1,Suplente,2022-10-03 03:11:03,MA,100001615473,Válido,2040602022,2757,3710277
MA,6,Deputado Federal,9090,ANTONIO FLAVIO MOTA CANDIDO,DANILO LIMA,PROS,PROS,1,Não Eleito,2022-10-03 03:11:03,MA,100001599600,Válido,2040602022,2664,3710277
MA,6,Deputado Federal,4477,KELLYANE CUNHA CALVET,KELLYANE CALVET,UNIÃO,UNIÃO,1,Suplente,2022-10-03 03:11:03,MA,100001610554,Válido,2040602022,2654,3710277
MA,6,Deputado Federal,5517,SAMOEL CAMPELO,SAMOEL DE ITAPECURU,PSD,PSD,1,Suplente,2022-10-03 03:11:03,MA,100001602264,Válido,2040602022,2639,3710277
MA,6,Deputado Federal,1289,FERNANDO JOSE SANTOS FEITOSA,FERNANDO FEITOSA,PDT,PDT,1,Suplente,2022-10-03 03:11:03,MA,100001601131,Válido,2040602022,2635,3710277
MA,6,Deputado Federal,1347,JOSE PEDRO DE AMENGOL FILHO,PEDRO AMENGOL,PT,PT / PV / PC do B,1,Suplente,2022-10-03 03:11:03,MA,100001613702,Válido,2040602022,2605,3710277
MA,6,Deputado Federal,1923,SANNY MARA EVANGELISTA DE SOUSA,SANNY MARA,PODE,PODE,1,Suplente,2022-10-03 03:11:03,MA,100001614969,Válido,2040602022,2604,3710277
MA,6,Deputado Federal,4411,VANESSA CAMPOS BENÍCIO MURAD,VANESSA MURAD,UNIÃO,UNIÃO,1,Suplente,2022-10-03 03:11:03,MA,100001610558,Válido,2040602022,2441,3710277
MA,6,Deputado Federal,2256,LEONILDE SANTOS CHAVES,PROFESSORA LEONILDE CHAVES,PL,PL,1,Suplente,2022-10-03 03:11:03,MA,100001603107,Válido,2040602022,2358,3710277
MA,6,Deputado Federal,4412,ALDY SILVA SARAIVA JUNIOR,ALDY JUNIOR,UNIÃO,UNIÃO,1,Suplente,2022-10-03 03:11:03,MA,100001610546,Válido,2040602022,2329,3710277
MA,6,Deputado Federal,1911,CAROLINE CARVALHO NOLETO,CAROL  NOLETO,PODE,PODE,1,Suplente,2022-10-03 03:11:03,MA,100001614974,Válido,2040602022,2281,3710277
MA,6,Deputado Federal,1051,JOSÉ GONÇALVES LIMA,ZÉ PEQUENO,REPUBLICANOS,REPUBLICANOS,1,Suplente,2022-10-03 03:11:03,MA,100001602016,Válido,2040602022,2196,3710277
MA,6,Deputado Federal,4484,FRANCISCO LAGES BARBOSA,BARBOSA LAGES,UNIÃO,UNIÃO,1,Suplente,2022-10-03 03:11:03,MA,100001610548,Válido,2040602022,2189,3710277
MA,6,Deputado Federal,1922,ZAQUEU SOARES BARROS,"PR,ZAQUEU  BARROS",PODE,PODE,1,Suplente,2022-10-03 03:11:03,MA,100001614971,Válido,2040602022,2142,3710277
MA,6,Deputado Federal,1277,RAISSA MARTINS MENDONCA,RAISSA MENDONÇA,PDT,PDT,1,Suplente,2022-10-03 03:11:03,MA,100001601133,Válido,2040602022,2047,3710277
MA,6,Deputado Federal,4456,DIOGO TITO SALEM SOARES,DIOGO TITO,UNIÃO,UNIÃO,1,Suplente,2022-10-03 03:11:03,MA,100001610553,Válido,2040602022,2042,3710277
MA,6,Deputado Federal,2221,FRANCISCO ROSÁRIO ALVES,CHICÃO DOS TECLADOS,PL,PL,1,Suplente,2022-10-03 03:11:03,MA,100001603108,Válido,2040602022,2009,3710277
MA,6,Deputado Federal,1001,JURANDY DE SOUZA BRAGA,CORONEL JURANDY,REPUBLICANOS,REPUBLICANOS,1,Suplente,2022-10-03 03:11:03,MA,100001602014,Válido,2040602022,1993,3710277
MA,6,Deputado Federal,2033,ROZANGELA MENDONÇA LEITAO,IRMA ROSE,PSC,PSC,1,Suplente,2022-10-03 03:11:03,MA,100001615470,Válido,2040602022,1862,3710277
MA,6,Deputado Federal,9000,RAFAEL AVELLAR DE CARVALHO NUNES,"DR,RAFAEL NUNES",PROS,PROS,1,Não Eleito,2022-10-03 03:11:03,MA,100001599603,Válido,2040602022,1856,3710277
MA,6,Deputado Federal,1123,REINALDO BEZERRA DA SILVA,REINALDO,PP,PP,1,Suplente,2022-10-03 03:11:03,MA,100001608071,Válido,2040602022,1845,3710277
MA,6,Deputado Federal,4333,CRISTIANE VASCONCELOS BACELAR,CRISTIANE BACELAR,PV,PT / PV / PC do B,1,Suplente,2022-10-03 03:11:03,MA,100001613719,Válido,2040602022,1835,3710277
MA,6,Deputado Federal,5535,MÁRIO NOGUEIRA BRAGA NETO,DR MARIO BRAGA,PSD,PSD,1,Suplente,2022-10-03 03:11:03,MA,100001602277,Válido,2040602022,1827,3710277
MA,6,Deputado Federal,5013,ANTONIO GONÇALVES FILHO,ANTONIO GONÇALVES,PSOL,REDE / PSOL,1,Não Eleito,2022-10-03 03:11:03,MA,100001713821,Válido,2040602022,1808,3710277
MA,6,Deputado Federal,2211,THIAGO PALHARES BARROS SANTOS,THIAGO PALHARES,PL,PL,1,Suplente,2022-10-03 03:11:03,MA,100001603100,Válido,2040602022,1777,3710277
MA,6,Deputado Federal,4033,ARUILTON PAZ GOMES,ARUILTON PAZ,PSB,PSB,1,Suplente,2022-10-03 03:11:03,MA,100001607057,Válido,2040602022,1768,3710277
MA,6,Deputado Federal,1578,FRANCISCO DE ASSIS DOS SANTOS PESSOA,FRANCISCO PESSOA,MDB,MDB,1,Suplente,2022-10-03 03:11:03,MA,100001599077,Válido,2040602022,1755,3710277
MA,6,Deputado Federal,1258,JOSE EIDER SANTOS DE SOUSA,ZÉ EIDER,PDT,PDT,1,Suplente,2022-10-03 03:11:03,MA,100001601132,Válido,2040602022,1732,3710277
MA,6,Deputado Federal,1112,ANTONILDES MEDEIROS MOTA GOMES,ANTONILDES MOTA,PP,PP,1,Suplente,2022-10-03 03:11:03,MA,100001608078,Válido,2040602022,1669,3710277
MA,6,Deputado Federal,5110,SAMUEL PEREIRA DOS SANTOS,SAMUEL SANTOS,PATRIOTA,PATRIOTA,1,Suplente,2022-10-03 03:11:03,MA,100001608216,Válido,2040602022,1592,3710277
MA,6,Deputado Federal,2002,MARIA TICIANE DE SOUSA PINHEIRO,TICIANE AMADINHA,PSC,PSC,1,Suplente,2022-10-03 03:11:03,MA,100001615469,Válido,2040602022,1513,3710277
MA,6,Deputado Federal,5113,SORAYA DA SILVA VERAS,SORAYA PEREIRA,PATRIOTA,PATRIOTA,1,Suplente,2022-10-03 03:11:03,MA,100001608218,Válido,2040602022,1505,3710277
MA,6,Deputado Federal,5525,MARCOS AURÉLIO SANTOS PEREIRA,PASTOR MARCOS AURÉLIO,PSD,PSD,1,Suplente,2022-10-03 03:11:03,MA,100001602269,Válido,2040602022,1496,3710277
MA,6,Deputado Federal,4013,SÍLVIO SÉRGIO FERREIRA PINHEIRO,SÍLVIO BEMBEM,PSB,PSB,1,Suplente,2022-10-03 03:11:03,MA,100001607051,Válido,2040602022,1376,3710277
MA,6,Deputado Federal,5147,CARLOS ALBERTO VIEIRA E SILVA,DR CARLOS,PATRIOTA,PATRIOTA,1,Suplente,2022-10-03 03:11:03,MA,100001608212,Válido,2040602022,1373,3710277
MA,6,Deputado Federal,4321,JOANA BENTO DE SOUSA LIMA,JOANA GUAJAJARA,PV,PT / PV / PC do B,1,Suplente,2022-10-03 03:11:03,MA,100001613715,Válido,2040602022,1356,3710277
MA,6,Deputado Federal,2340,ELINALDO VASCONCELOS DOS ANJOS,ELINALDO VASCONCELOS-BEIÇO,CIDADANIA,CIDADANIA / PSDB,1,Não Eleito,2022-10-03 03:11:03,MA,100001618104,Válido,2040602022,1355,3710277
MA,6,Deputado Federal,2045,ALEXSANDRA VIANA PEREIRA,ALÊ DO POVO,PSC,PSC,1,Suplente,2022-10-03 03:11:03,MA,100001615472,Válido,2040602022,1327,3710277
MA,6,Deputado Federal,1513,WELLINGTON E SILVA GOVEIA,WELLINGTON GOUVEIA,MDB,MDB,1,Suplente,2022-10-03 03:11:03,MA,100001599090,Válido,2040602022,1327,3710277
MA,6,Deputado Federal,1303,TASSIA DE SOUSA CAMPOS,TÁSSIA CAMPOS,PT,PT / PV / PC do B,1,Suplente,2022-10-03 03:11:03,MA,100001613703,Válido,2040602022,1278,3710277
MA,6,Deputado Federal,3000,MARKUS EDUARDO CABRAL TRINTA,MARKUS TRINTA,NOVO,NOVO,1,Não Eleito,2022-10-03 03:11:03,MA,100001610038,Válido,2040602022,1218,3710277
MA,6,Deputado Federal,1221,JACIMARA COLARES MACIEL BRITTO,JACIMARA MACIEL,PDT,PDT,1,Suplente,2022-10-03 03:11:03,MA,100001601144,Válido,2040602022,1198,3710277
MA,6,Deputado Federal,3610,INALDO DOMINGOS PEREIRA SILVA,SARGENTO INALDO PEREIRA,AGIR,AGIR,1,Não Eleito,2022-10-03 03:11:03,MA,100001632860,Válido,2040602022,1190,3710277
MA,6,Deputado Federal,5123,LILIAN LOPES LIMA,A JAPA DO ARROCHA,PATRIOTA,PATRIOTA,1,Suplente,2022-10-03 03:11:03,MA,100001608210,Válido,2040602022,1184,3710277
MA,6,Deputado Federal,2377,MARIA DAS GRAÇAS CARVALHO DE SOUZA MAGALHAES,"DRA,GRAÇA",CIDADANIA,CIDADANIA / PSDB,1,Não Eleito,2022-10-03 03:11:03,MA,100001618100,Válido,2040602022,1176,3710277
MA,6,Deputado Federal,1113,VALERIA DE JESUS MENEZES PINHEIRO,VALERIA LAUANDDY,PP,PP,1,Suplente,2022-10-03 03:11:03,MA,100001608066,Válido,2040602022,1149,3710277
MA,6,Deputado Federal,4088,ROSANA MARIA SOUSA DE LIMA,ROSANA LIMA,PSB,PSB,1,Suplente,2022-10-03 03:11:03,MA,100001607050,Válido,2040602022,1132,3710277
MA,6,Deputado Federal,1616,LUCIANA COSTA CORREA,PRETA LU,PSTU,PSTU,1,Não Eleito,2022-10-03 03:11:03,MA,100001600016,Válido,2040602022,1105,3710277
MA,6,Deputado Federal,2344,ANTONIO AMERICO LOBATO GONÇALVES,ANTONIO AMERICO,CIDADANIA,CIDADANIA / PSDB,1,Não Eleito,2022-10-03 03:11:03,MA,100001618106,Válido,2040602022,1101,3710277
MA,6,Deputado Federal,1101,LIDIANE COSTA BARROS,LIDIANE BARROS,PP,PP,1,Suplente,2022-10-03 03:11:03,MA,100001608080,Válido,2040602022,1074,3710277
MA,6,Deputado Federal,5545,KÉSIA LEITE ALMEIDA CARDOSO,COLETIVO UNIDOS SOCIAL KESIA,PSD,PSD,1,Suplente,2022-10-03 03:11:03,MA,100001724679,Válido,2040602022,1030,3710277
MA,6,Deputado Federal,1220,ANALIDES DE JESUS DE SALES REGO,ANALIDES,PDT,PDT,1,Suplente,2022-10-03 03:11:03,MA,100001601145,Válido,2040602022,1005,3710277
MA,6,Deputado Federal,2288,BRENDA CARVALHO PEREIRA,BRENDA CARVALHO,PL,PL,1,Suplente,2022-10-03 03:11:03,MA,100001603113,Válido,2040602022,998,3710277
MA,6,Deputado Federal,2313,JOSE RAIMUNDO DA SILVA,ADAO-COLETIVO REGGAE CIDADANIA,CIDADANIA,CIDADANIA / PSDB,1,Não Eleito,2022-10-03 03:11:03,MA,100001618099,Válido,2040602022,976,3710277
MA,6,Deputado Federal,5177,LEANDRO DE SOUSA SILVA,LEANDRO SOUSA,PATRIOTA,PATRIOTA,1,Suplente,2022-10-03 03:11:03,MA,100001608206,Válido,2040602022,974,3710277
MA,6,Deputado Federal,3012,ANTONIO FLAVIO DE SOUSA FILHO,ANTONIO FLAVIO NOVO,NOVO,NOVO,1,Não Eleito,2022-10-03 03:11:03,MA,100001610036,Válido,2040602022,969,3710277
MA,6,Deputado Federal,2010,SIRLAN SILVA SOUSA,SIRLAN FEDERAL DO BONFIM,PSC,PSC,1,Suplente,2022-10-03 03:11:03,MA,100001615476,Válido,2040602022,946,3710277
MA,6,Deputado Federal,3636,ANTONIA AUZENIR COELHO PINTO,AUZENIR COELHO,AGIR,AGIR,1,Não Eleito,2022-10-03 03:11:03,MA,100001632850,Válido,2040602022,924,3710277
MA,6,Deputado Federal,5577,FRANCISCO DAS CHAGAS  DE JESUS SANTOS,CHAGAS O MANDELA,PSD,PSD,1,Suplente,2022-10-03 03:11:03,MA,100001602273,Válido,2040602022,915,3710277
MA,6,Deputado Federal,5109,JAIRO ANTONIO SOARES MATOS,PROF JAIRO MATOS DO INSTITUTO,PATRIOTA,PATRIOTA,1,Suplente,2022-10-03 03:11:03,MA,100001608213,Válido,2040602022,914,3710277
MA,6,Deputado Federal,3677,SIDNEY FREITAS DA SILVA,SIDNEY DA SIDBENS,AGIR,AGIR,1,Não Eleito,2022-10-03 03:11:03,MA,100001632868,Válido,2040602022,854,3710277
MA,6,Deputado Federal,5051,ALINE MARIA DOS SANTOS PEREIRA,ALINE MARIA,PSOL,REDE / PSOL,1,Não Eleito,2022-10-03 03:11:03,MA,100001713836,Válido,2040602022,827,3710277
MA,6,Deputado Federal,2014,MARIA REGINA FERNANDES PEREIRA DUTRA,REGINA PEREIRA,PSC,PSC,1,Suplente,2022-10-03 03:11:03,MA,100001615464,Válido,2040602022,816,3710277
MA,6,Deputado Federal,4077,MAXWIL DE OLIVEIRA REIS,"DR,MAX",PSB,PSB,1,Suplente,2022-10-03 03:11:03,MA,100001607055,Válido,2040602022,813,3710277
MA,6,Deputado Federal,1577,JOVANN'S DE JESUS DIAS RIBEIRO,JOVANN S,MDB,MDB,1,Suplente,2022-10-03 03:11:03,MA,100001599089,Válido,2040602022,784,3710277
MA,6,Deputado Federal,1533,CLAUDIO JORGE VIEIRA PINTO,PETER AXL,MDB,MDB,1,Suplente,2022-10-03 03:11:03,MA,100001599075,Válido,2040602022,779,3710277
MA,6,Deputado Federal,5112,EVELLYN FERREIRA GERALDO,EVELLYN VET,PATRIOTA,PATRIOTA,1,Suplente,2022-10-03 03:11:03,MA,100001608202,Válido,2040602022,778,3710277
MA,6,Deputado Federal,1527,CARLOS ROBERTO DINIZ ARAÚJO,JUNIOR ARAÚJO,MDB,MDB,1,Suplente,2022-10-03 03:11:03,MA,100001599074,Válido,2040602022,777,3710277
MA,6,Deputado Federal,2007,WANDERSON GOMES DA SILVA,WANDERSON GOMES,PSC,PSC,1,Suplente,2022-10-03 03:11:03,MA,100001615477,Válido,2040602022,766,3710277
MA,6,Deputado Federal,1522,JURANDIR CARLOS DE JESUS,JURANDIR MARANHÃO,MDB,MDB,1,Suplente,2022-10-03 03:11:03,MA,100001599079,Válido,2040602022,761,3710277
MA,6,Deputado Federal,1999,ARILSA MALAQUIAS BRANDÃO,ARILSA,PODE,PODE,1,Suplente,2022-10-03 03:11:03,MA,100001614964,Válido,2040602022,735,3710277
MA,6,Deputado Federal,4446,ALEXSANDRO ALVES RODRIGUES,ALEX KENNEDY,UNIÃO,UNIÃO,1,Suplente,2022-10-03 03:11:03,MA,100001610547,Válido,2040602022,735,3710277
MA,6,Deputado Federal,5523,IGOR ALVES BACELAR,BACELAR,PSD,PSD,1,Suplente,2022-10-03 03:11:03,MA,100001602274,Válido,2040602022,731,3710277
MA,6,Deputado Federal,1178,FLAVIA HIRADE CORREA LOPES,FLAVIA LOPES,PP,PP,1,Suplente,2022-10-03 03:11:03,MA,100001608081,Válido,2040602022,727,3710277
MA,6,Deputado Federal,1177,FERNANDO RICARDO ASSUNÇÃO FRANÇA,"DR,FERNANDO FRANÇA",PP,PP,1,Suplente,2022-10-03 03:11:03,MA,100001608068,Válido,2040602022,717,3710277
MA,6,Deputado Federal,9099,JOSE ALDI MACENA LICAR,PACA,PROS,PROS,1,Não Eleito,2022-10-03 03:11:03,MA,100001599602,Válido,2040602022,706,3710277
MA,6,Deputado Federal,3635,MARLON MOURA DE SOUSA,MARLON MOURA,AGIR,AGIR,1,Não Eleito,2022-10-03 03:11:03,MA,100001632854,Válido,2040602022,678,3710277
MA,6,Deputado Federal,1022,JOAO WILSON COSTA SAMPAIO,WILSON SAMPAIO,REPUBLICANOS,REPUBLICANOS,1,Suplente,2022-10-03 03:11:03,MA,100001611951,Válido,2040602022,661,3710277
MA,6,Deputado Federal,2003,MOISES GOMES MARQUES,MOISES MARQUES,PSC,PSC,1,Suplente,2022-10-03 03:11:03,MA,100001615475,Válido,2040602022,644,3710277
MA,6,Deputado Federal,7777,SAULO GIOVANI MENDONCA,SAULO MENDOÇA COLETIVO SIM,SOLIDARIEDADE,SOLIDARIEDADE,1,Não Eleito,2022-10-03 03:11:03,MA,100001689782,Válido,2040602022,635,3710277
MA,6,Deputado Federal,7022,KERLYSON PABLO SIQUEIRA DOS SANTOS,KERLYSON PABLO,AVANTE,AVANTE,1,Não Eleito,2022-10-03 03:11:03,MA,100001723257,Válido,2040602022,633,3710277
MA,6,Deputado Federal,6555,MARIA VANDA DE SOUZA MONTELE,WANDA MONTELE,PC do B,PT / PV / PC do B,1,Suplente,2022-10-03 03:11:03,MA,100001613707,Válido,2040602022,622,3710277
MA,6,Deputado Federal,3620,FERNANDO LOBATO SILVA,FERNANDO LOBATO,AGIR,AGIR,1,Não Eleito,2022-10-03 03:11:03,MA,100001632858,Válido,2040602022,622,3710277
MA,6,Deputado Federal,2800,ALUISIO ALVES PEREIRA JUNIOR,ALUISIO JUNIOR,PRTB,PRTB,1,Não Eleito,2022-10-03 03:11:03,MA,100001723422,Válido,2040602022,614,3710277
MA,6,Deputado Federal,5005,ZENAIDE CARMO MENDES,ZENAIDE DO COLETIVO BEM VIVER,PSOL,REDE / PSOL,1,Não Eleito,2022-10-03 03:11:03,MA,100001713826,Válido,2040602022,606,3710277
MA,6,Deputado Federal,5120,BRUNNA DE SOUZA AMORIM MARCIEL,BRUNNA MARCIEL,PATRIOTA,PATRIOTA,1,Suplente,2022-10-03 03:11:03,MA,100001608211,Válido,2040602022,603,3710277
MA,6,Deputado Federal,4050,MARCOS MARQUES SALDANHA,SALDANHA DE ROSÁRIO,PSB,PSB,1,Suplente,2022-10-03 03:11:03,MA,100001607058,Válido,2040602022,592,3710277
MA,6,Deputado Federal,3040,ISMITIANY PESSOA REZENDE ARAÚJO,ISMITIANY REZENDE,NOVO,NOVO,1,Não Eleito,2022-10-03 03:11:03,MA,100001610034,Válido,2040602022,586,3710277
MA,6,Deputado Federal,3653,ESTELMO MORAIS CARVALHO,ESTELMO DA ALPHAVILLE,AGIR,AGIR,1,Não Eleito,2022-10-03 03:11:03,MA,100001632859,Válido,2040602022,585,3710277
MA,6,Deputado Federal,2322,LUCIANA SILVA DE ABREU,LUCIANA ABREU,CIDADANIA,CIDADANIA / PSDB,1,Não Eleito,2022-10-03 03:11:03,MA,100001618107,Válido,2040602022,577,3710277
MA,6,Deputado Federal,1800,JANICELMA FERNANDES DE SOUSA GUALTER,JANICELMA FERNANDES,REDE,REDE / PSOL,1,Não Eleito,2022-10-03 03:11:03,MA,100001713833,Válido,2040602022,577,3710277
MA,6,Deputado Federal,1013,LENÍCIA OLIVEIRA ALVES,DRA LENÍCIA ALVES,REPUBLICANOS,REPUBLICANOS,1,Suplente,2022-10-03 03:11:03,MA,100001602008,Válido,2040602022,562,3710277
MA,6,Deputado Federal,5138,ORLANDO GALDIANO JUNIOR,CORONEL GALDI,PATRIOTA,PATRIOTA,1,Suplente,2022-10-03 03:11:03,MA,100001608208,Válido,2040602022,541,3710277
MA,6,Deputado Federal,3500,ANTÔNIO ALAN CARDEK DE JESUS ROCHA,ALAN,PMB,PMB,1,Não Eleito,2022-10-03 03:11:03,MA,100001723412,Válido,2040602022,529,3710277
MA,6,Deputado Federal,3030,IONARA PINHEIRO BISPO,"DRA,IONARA",NOVO,NOVO,1,Não Eleito,2022-10-03 03:11:03,MA,100001610037,Válido,2040602022,528,3710277
MA,6,Deputado Federal,4488,PAULYNA COSTA SILVA,PAULYNA COSTA,UNIÃO,UNIÃO,1,Suplente,2022-10-03 03:11:03,MA,100001610550,Válido,2040602022,521,3710277
MA,6,Deputado Federal,1477,MARDONE SOUSA OLIVEIRA,MARDONE DIFERENTE,PTB,PTB,1,Não Eleito,2022-10-03 03:11:03,MA,100001648829,Válido,2040602022,520,3710277
MA,6,Deputado Federal,3612,CLIDENOR RODRIGUES GUIMARAES FILHO,CLIDENOR GUIMARAES,AGIR,AGIR,1,Não Eleito,2022-10-03 03:11:03,MA,100001632851,Válido,2040602022,511,3710277
MA,6,Deputado Federal,4422,BRUNA GRACIELE BASTOS,BRUNA BASTOS,UNIÃO,UNIÃO,1,Suplente,2022-10-03 03:11:03,MA,100001610544,Válido,2040602022,511,3710277
MA,6,Deputado Federal,2390,GUILHERME RODRIGUES DA SILVA,GUILHERME RODRIGUES,CIDADANIA,CIDADANIA / PSDB,1,Não Eleito,2022-10-03 03:11:03,MA,100001618111,Válido,2040602022,507,3710277
MA,6,Deputado Federal,2310,GEDIEL PEREIRA ALENCAR,GEDIEL ALENCAR,CIDADANIA,CIDADANIA / PSDB,1,Não Eleito,2022-10-03 03:11:03,MA,100001618098,Válido,2040602022,506,3710277
MA,6,Deputado Federal,9022,ELMARENE SOUZA MAIA,ELMARENE,PROS,PROS,1,Não Eleito,2022-10-03 03:11:03,MA,100001599597,Válido,2040602022,490,3710277
MA,6,Deputado Federal,1136,HUGO LEONARDO DE OLIVEIRA NUNES,HUGO DOS CONCURSOS,PP,PP,1,Suplente,2022-10-03 03:11:03,MA,100001608069,Válido,2040602022,464,3710277
MA,6,Deputado Federal,7700,RAIMUNDO LAVIER SANTOS DA SILVA,LAVIER SANTOS,SOLIDARIEDADE,SOLIDARIEDADE,1,Não Eleito,2022-10-03 03:11:03,MA,100001689786,Válido,2040602022,451,3710277
MA,6,Deputado Federal,1977,JACINTA JOSÉ DA COSTA OLIVEIRA,JACINTA JOSÉ,PODE,PODE,1,Suplente,2022-10-03 03:11:03,MA,100001614977,Válido,2040602022,434,3710277
MA,6,Deputado Federal,2345,NEUSILENE NUBIA FEITOSA DUTRA,NUBIA DUTRA,CIDADANIA,CIDADANIA / PSDB,1,Não Eleito,2022-10-03 03:11:03,MA,100001618108,Válido,2040602022,429,3710277
MA,6,Deputado Federal,4089,MARIA IRIS BARROS E SILVA,PROFESSORA IRIS,PSB,PSB,1,Suplente,2022-10-03 03:11:03,MA,100001607049,Válido,2040602022,427,3710277
MA,6,Deputado Federal,1901,BRUNA THALYTA GUTERRES GUIMARÃES,BRUNA THALYTA,PODE,PODE,1,Suplente,2022-10-03 03:11:03,MA,100001614965,Válido,2040602022,421,3710277
MA,6,Deputado Federal,2727,EDUARDO COSTA MARTINS,EDUARDO MARTINS,DC,DC,1,Não Eleito,2022-10-03 03:11:03,MA,100001638989,Válido,2040602022,391,3710277
MA,6,Deputado Federal,4313,GUSTAVO ADRIANO COSTA MARQUES,GM MAIS,PV,PT / PV / PC do B,1,Suplente,2022-10-03 03:11:03,MA,100001613709,Válido,2040602022,386,3710277
MA,6,Deputado Federal,2013,JOAO BATISTA DOS SANTOS JUNIOR,BAIANO DO CUXA,PSC,PSC,1,Suplente,2022-10-03 03:11:03,MA,100001615463,Válido,2040602022,381,3710277
MA,6,Deputado Federal,2229,EDUARDO CAVALCANTE COÊLHO,EDUARDO CAVALCANTE,PL,PL,1,Suplente,2022-10-03 03:11:03,MA,100001603102,Válido,2040602022,357,3710277
MA,6,Deputado Federal,4413,EMILCE MARIA CAMPOS,EMILCE CAMPOS,UNIÃO,UNIÃO,1,Suplente,2022-10-03 03:11:03,MA,100001610545,Válido,2040602022,354,3710277
MA,6,Deputado Federal,3600,LAIONES DA SILVA NASCIMENTO,LAIONES NASCIMENTO,AGIR,AGIR,1,Não Eleito,2022-10-03 03:11:03,MA,100001632862,Válido,2040602022,352,3710277
MA,6,Deputado Federal,5588,ANTONIO FELIPE OLIVEIRA DA SILVA,FELIPE SILVA,PSD,PSD,1,Suplente,2022-10-03 03:11:03,MA,100001602265,Válido,2040602022,347,3710277
MA,6,Deputado Federal,3602,SAVIO RODRIGUES MESQUITA,SAVIO RODRIGUES,AGIR,AGIR,1,Não Eleito,2022-10-03 03:11:03,MA,100001632867,Válido,2040602022,339,3710277
MA,6,Deputado Federal,4343,YURI HENRIQUE ADELINO JARDIM,YURI HENRIQUE,PV,PT / PV / PC do B,1,Suplente,2022-10-03 03:11:03,MA,100001733325,Válido,2040602022,339,3710277
MA,6,Deputado Federal,2777,ZITA RABELO PONTES,ZITA PONTES,DC,DC,1,Não Eleito,2022-10-03 03:11:03,MA,100001638994,Válido,2040602022,338,3710277
MA,6,Deputado Federal,1920,VALDIMEIRE XAVIER BEM DA LUZ,VALDIMEIRE DA LUZ,PODE,PODE,1,Suplente,2022-10-03 03:11:03,MA,100001614970,Válido,2040602022,331,3710277
MA,6,Deputado Federal,7733,FRANKLIN MAGNO SILVA PACHECO,FRANKLIN PACHECO,SOLIDARIEDADE,SOLIDARIEDADE,1,Não Eleito,2022-10-03 03:11:03,MA,100001689787,Válido,2040602022,330,3710277
MA,6,Deputado Federal,1813,ALEXSANDRO BENEY COSTA SILVA,ALEX DO SUCÃO,REDE,REDE / PSOL,1,Não Eleito,2022-10-03 03:11:03,MA,100001713835,Válido,2040602022,327,3710277
MA,6,Deputado Federal,5011,ADONIAS CUNHA CAVALCANTE,ADONIAS CAVALCANTE,PSOL,REDE / PSOL,1,Não Eleito,2022-10-03 03:11:03,MA,100001713834,Válido,2040602022,319,3710277
MA,6,Deputado Federal,2315,SAMARA MORAIS DE SOUSA BENICIO,SAMARA BENICIO,CIDADANIA,CIDADANIA / PSDB,1,Não Eleito,2022-10-03 03:11:03,MA,100001618110,Válido,2040602022,319,3710277
MA,6,Deputado Federal,4034,CONCEIÇÃO SILVA DE SOUSA,DONA CEIÇA,PSB,PSB,1,Suplente,2022-10-03 03:11:03,MA,100001732434,Válido,2040602022,316,3710277
MA,6,Deputado Federal,9077,VASTY FRANCISCA DE MENESES,VASTY MENESES,PROS,PROS,1,Não Eleito,2022-10-03 03:11:03,MA,100001599607,Válido,2040602022,306,3710277
MA,6,Deputado Federal,9009,WYNDSON CARLOS GOMES CARVALHO,WYNDSON CARVALHO,PROS,PROS,1,Não Eleito,2022-10-03 03:11:03,MA,100001599606,Válido,2040602022,297,3710277
MA,6,Deputado Federal,9007,ALEYGNAN LEAL COSTA,ALEYGNAN LEAL,PROS,PROS,1,Não Eleito,2022-10-03 03:11:03,MA,100001599595,Válido,2040602022,295,3710277
MA,6,Deputado Federal,1117,ANTONIO VERAS CARVALHO,VERAS,PP,PP,1,Suplente,2022-10-03 03:11:03,MA,100001608077,Válido,2040602022,283,3710277
MA,6,Deputado Federal,3555,REGINALDO PEREIRA SANTOS,REGINALDO DE BERTO,PMB,PMB,1,Não Eleito,2022-10-03 03:11:03,MA,100001723414,Válido,2040602022,278,3710277
MA,6,Deputado Federal,2343,KATIUSCIA SILVA FERREIRA,KATIA SILVA,CIDADANIA,CIDADANIA / PSDB,1,Não Eleito,2022-10-03 03:11:03,MA,100001618109,Válido,2040602022,276,3710277
MA,6,Deputado Federal,2399,GENESIO PEREIRA DE SOUSA,GENESIO,CIDADANIA,CIDADANIA / PSDB,1,Não Eleito,2022-10-03 03:11:03,MA,100001618112,Válido,2040602022,267,3710277
MA,6,Deputado Federal,1600,MANOEL GUIMARAES FILHO,SARGENTO GUIMARAES,PSTU,PSTU,1,Não Eleito,2022-10-03 03:11:03,MA,100001600017,Válido,2040602022,263,3710277
MA,6,Deputado Federal,7000,SATIRA DE JESUS PINHEIRO FONTOURA,MISSIONÁRIA ROSANGELA,AVANTE,AVANTE,1,Não Eleito,2022-10-03 03:11:03,MA,100001723255,Válido,2040602022,257,3710277
MA,6,Deputado Federal,9032,EUDIVAN CARVALHO COSTA,EUDIVAN DA MANGABA,PROS,PROS,1,Não Eleito,2022-10-03 03:11:03,MA,100001599598,Válido,2040602022,247,3710277
MA,6,Deputado Federal,2700,WALFREDO MATOS MARINHO,PASTOR MARINHO,DC,DC,1,Não Eleito,2022-10-03 03:11:03,MA,100001638997,Válido,2040602022,245,3710277
MA,6,Deputado Federal,5022,JOSE DE ARIMATEA E SILVA,PROFESSOR ARIMATEA,PSOL,REDE / PSOL,1,Não Eleito,2022-10-03 03:11:03,MA,100001713823,Válido,2040602022,242,3710277
MA,6,Deputado Federal,4030,ADRIANA NUNES MENDES,DRA ADRIANA MENDES,PSB,PSB,1,Suplente,2022-10-03 03:11:03,MA,100001607047,Válido,2040602022,240,3710277
MA,6,Deputado Federal,5070,LUZENIRA DE JESUS COSTA ALVES,ELU DO COLETIVO ANDIROBAL,PSOL,REDE / PSOL,1,Não Eleito,2022-10-03 03:11:03,MA,100001737140,Válido,2040602022,236,3710277
MA,6,Deputado Federal,3622,JULIO RODRIGUES HUMILDE,IRMÃO JÚLIO HUMILDE,AGIR,AGIR,1,Não Eleito,2022-10-03 03:11:03,MA,100001632853,Válido,2040602022,235,3710277
MA,6,Deputado Federal,1125,ANTONIA SOARES DOS SANTOS,ANTONIA SOARES,PP,PP,1,Suplente,2022-10-03 03:11:03,MA,100001608082,Válido,2040602022,230,3710277
MA,6,Deputado Federal,9023,KALEL AMADOR PEREIRA,"PR,KALEL AMADOR",PROS,PROS,1,Não Eleito,2022-10-03 03:11:03,MA,100001599605,Válido,2040602022,228,3710277
MA,6,Deputado Federal,1544,JOELMA VIANA CANTANHEDE,JOELMA,MDB,MDB,1,Suplente,2022-10-03 03:11:03,MA,100001599088,Válido,2040602022,216,3710277
MA,6,Deputado Federal,1535,ROSA CARVALHO MESQUITA,ROSA DO BOI,MDB,MDB,1,Suplente,2022-10-03 03:11:03,MA,100001599083,Válido,2040602022,212,3710277
MA,6,Deputado Federal,4540,DEISE SILVA PÁDUA,DEISE FURACÃO,PSDB,CIDADANIA / PSDB,1,Não Eleito,2022-10-03 03:11:03,MA,100001618105,Válido,2040602022,212,3710277
MA,6,Deputado Federal,2888,NILO DOS SANTOS MORAES FILHO,CAPITÃO NILO,PRTB,PRTB,1,Não Eleito,2022-10-03 03:11:03,MA,100001723421,Válido,2040602022,205,3710277
MA,6,Deputado Federal,5088,ANTONIO JOSE DA CONCEIÇÃO SOUSA,HELYCOPY,PSOL,REDE / PSOL,1,Não Eleito,2022-10-03 03:11:03,MA,100001713822,Válido,2040602022,201,3710277
MA,6,Deputado Federal,2741,JODSON MORAES DOS SANTOS,JODSON SANTOS,DC,DC,1,Não Eleito,2022-10-03 03:11:03,MA,100001638995,Válido,2040602022,199,3710277
MA,6,Deputado Federal,3055,THIÁRONE BARRÊTO ROCHA,THIARONE ROCHA,NOVO,NOVO,1,Não Eleito,2022-10-03 03:11:03,MA,100001610035,Válido,2040602022,199,3710277
MA,6,Deputado Federal,9040,PAULO PEREIRA DA SILVA FILHO,PAULO SILVA,PROS,PROS,1,Não Eleito,2022-10-03 03:11:03,MA,100001599601,Válido,2040602022,195,3710277
MA,6,Deputado Federal,1502,MICHELE RIBEIRO DOS SANTOS,MICHELE SANTOS,MDB,MDB,1,Suplente,2022-10-03 03:11:03,MA,100001599081,Válido,2040602022,193,3710277
MA,6,Deputado Federal,1812,ESMERALDA LACERDA ARAUJO FRANÇA,PROFESSORA ESMERALDA,REDE,REDE / PSOL,1,Não Eleito,2022-10-03 03:11:03,MA,100001713830,Válido,2040602022,191,3710277
MA,6,Deputado Federal,2728,JOSÉ DE RIBAMAR JANSEN PENHA,JANSEN PENHA,DC,DC,1,Não Eleito,2022-10-03 03:11:03,MA,100001639002,Válido,2040602022,189,3710277
MA,6,Deputado Federal,3633,SANDRA MARIA ABREU,SANDRA ABREU,AGIR,AGIR,1,Não Eleito,2022-10-03 03:11:03,MA,100001632866,Válido,2040602022,181,3710277
MA,6,Deputado Federal,2701,ADENILSON LOPES DA SILVA,ADENILSON LOPES,DC,DC,1,Não Eleito,2022-10-03 03:11:03,MA,100001638988,Válido,2040602022,181,3710277
MA,6,Deputado Federal,5010,MAERBETH NINA GARCEZ,MAGÃO,PSOL,REDE / PSOL,1,Não Eleito,2022-10-03 03:11:03,MA,100001713818,Válido,2040602022,177,3710277
MA,6,Deputado Federal,4404,AGEMIRO MEDEIROS DE SOUSA,CADEIRANTE AGEMIRO,UNIÃO,UNIÃO,1,Suplente,2022-10-03 03:11:03,MA,100001610560,Válido,2040602022,174,3710277
MA,6,Deputado Federal,7776,MAYARA CRYSTINA REGO DA SILVA,MAYARA REGO,SOLIDARIEDADE,SOLIDARIEDADE,1,Não Eleito,2022-10-03 03:11:03,MA,100001689784,Válido,2040602022,174,3710277
MA,6,Deputado Federal,2822,ALMIR FORTES FRANCA NETO,NETYNHO DO CELULAR,PRTB,PRTB,1,Não Eleito,2022-10-03 03:11:03,MA,100001723425,Válido,2040602022,171,3710277
MA,6,Deputado Federal,3645,QUINTINO DONIZETI MARQUES,MINEIRO DA SUCATA,AGIR,AGIR,1,Não Eleito,2022-10-03 03:11:03,MA,100001632855,Válido,2040602022,171,3710277
MA,6,Deputado Federal,2744,SHEILA MARIA DE ARAÚJO CALAFELL,SHEILA CALAFELL,DC,DC,1,Não Eleito,2022-10-03 03:11:03,MA,100001638996,Válido,2040602022,164,3710277
MA,6,Deputado Federal,5055,SAMARTONY COSTA MARTINS,SAMARTONY MARTINS,PSOL,REDE / PSOL,1,Não Eleito,2022-10-03 03:11:03,MA,100001713824,Válido,2040602022,160,3710277
MA,6,Deputado Federal,5556,FRANCISCO CLEBER SILVA ARAÚJO,PROF CLEBER MEIRELES,PSD,PSD,1,Suplente,2022-10-03 03:11:03,MA,100001602268,Válido,2040602022,159,3710277
MA,6,Deputado Federal,9087,EDÉSIO ARAÚJO DO NASCIMENTO,EDÉSIO NASCIMENTO,PROS,PROS,1,Não Eleito,2022-10-03 03:11:03,MA,100001599594,Válido,2040602022,152,3710277
MA,6,Deputado Federal,5080,GIL CARLOS SILVA DA CONCEIÇÃO,CARLINHOS SILVA,PSOL,REDE / PSOL,1,Não Eleito,2022-10-03 03:11:03,MA,100001713832,Válido,2040602022,149,3710277
MA,6,Deputado Federal,3505,FRANCILENE MARTINS MINEIRO,LENA,PMB,PMB,1,Não Eleito,2022-10-03 03:11:03,MA,100001723419,Válido,2040602022,141,3710277
MA,6,Deputado Federal,5567,ERICA CRISTINA CUNHA BARBOSA,ERICA CUNHA,PSD,PSD,1,Suplente,2022-10-03 03:11:03,MA,100001602267,Válido,2040602022,140,3710277
MA,6,Deputado Federal,2722,MARTA MATOS MORAES DOS SANTOS,MARTA MATOS,DC,DC,1,Não Eleito,2022-10-03 03:11:03,MA,100001638992,Válido,2040602022,132,3710277
MA,6,Deputado Federal,1411,CICERO RIBEIRO DINIZ,TIM MARCOS DINIZ,PTB,PTB,1,Não Eleito,2022-10-03 03:11:03,MA,100001648830,Válido,2040602022,123,3710277
MA,6,Deputado Federal,3567,ANN MICHELLE MARQUES BOTELHO,ANN MICHELE,PMB,PMB,1,Não Eleito,2022-10-03 03:11:03,MA,100001723411,Válido,2040602022,121,3710277
MA,6,Deputado Federal,2717,ANA PAULA SILVA ROXO,ANA QUILOMBOLA,DC,DC,1,Não Eleito,2022-10-03 03:11:03,MA,100001638998,Válido,2040602022,120,3710277
MA,6,Deputado Federal,1422,ANA CLERES SANTOS FERREIRA,ANA CLERES,PTB,PTB,1,Não Eleito,2022-10-03 03:11:03,MA,100001648828,Válido,2040602022,120,3710277
MA,6,Deputado Federal,7030,ALFREDO HORACIO FIGUEIREDO CORREA,ALFREDO CORREA,AVANTE,AVANTE,1,Não Eleito,2022-10-03 03:11:03,MA,100001723260,Válido,2040602022,119,3710277
MA,6,Deputado Federal,1611,BENISSON VIANA SANTOS,BENNÃO VIANA,PSTU,PSTU,1,Não Eleito,2022-10-03 03:11:03,MA,100001600014,Válido,2040602022,118,3710277
MA,6,Deputado Federal,5002,FRANCISCO VIEIRA DA SILVA,VIEIRA,PSOL,REDE / PSOL,1,Não Eleito,2022-10-03 03:11:03,MA,100001713831,Válido,2040602022,117,3710277
MA,6,Deputado Federal,5166,FRANCINEIDE DA SILVA CORREA,NENEM DA FEIRA,PATRIOTA,PATRIOTA,1,Suplente,2022-10-03 03:11:03,MA,100001608203,Válido,2040602022,106,3710277
MA,6,Deputado Federal,3530,DÍLSON DOS SANTOS MATOS,DILSON COLETIVO BABAÇU,PMB,PMB,1,Não Eleito,2022-10-03 03:11:03,MA,100001723416,Válido,2040602022,105,3710277
MA,6,Deputado Federal,2812,IVAN ARAUJO JUNIOR,IVAN DE CAJARI FILHO,PRTB,PRTB,1,Não Eleito,2022-10-03 03:11:03,MA,100001723431,Válido,2040602022,105,3710277
MA,6,Deputado Federal,9024,NARLIENE CORREA DOS SANTOS,LENNY DINIZ,PROS,PROS,1,Não Eleito,2022-10-03 03:11:03,MA,100001599599,Válido,2040602022,104,3710277
MA,6,Deputado Federal,2766,JOÃO JOSÉ GOMES SOARES,JOÃO SOARES,DC,DC,1,Não Eleito,2022-10-03 03:11:03,MA,100001638993,Válido,2040602022,95,3710277
MA,6,Deputado Federal,3623,ANGELA COSTA DE MELO,ANGELA MELO,AGIR,AGIR,1,Não Eleito,2022-10-03 03:11:03,MA,100001632864,Válido,2040602022,94,3710277
MA,6,Deputado Federal,2810,ITALO RANNYS BARROS MONTEIRO,ITALO BARROS,PRTB,PRTB,1,Não Eleito,2022-10-03 03:11:03,MA,100001723430,Válido,2040602022,91,3710277
MA,6,Deputado Federal,5066,ALUIZIO BARROSO DE MELO,ALUIZIO MELO,PSOL,REDE / PSOL,1,Não Eleito,2022-10-03 03:11:03,MA,100001713820,Válido,2040602022,89,3710277
MA,6,Deputado Federal,7755,DEIDIMAR PEREIRA DE SOUSA,MARCOS PEREIRA,SOLIDARIEDADE,SOLIDARIEDADE,1,Não Eleito,2022-10-03 03:11:03,MA,100001689791,Válido,2040602022,79,3710277
MA,6,Deputado Federal,1607,KARASCO TOURO DELGADO,TOURIN,PSTU,PSTU,1,Não Eleito,2022-10-03 03:11:03,MA,100001600015,Válido,2040602022,77,3710277
MA,6,Deputado Federal,3674,SAMIA UCHOA DE SOUSA MEDEIROS,SAMIA UCHOA,AGIR,AGIR,1,Não Eleito,2022-10-03 03:11:03,MA,100001632856,Válido,2040602022,73,3710277
MA,6,Deputado Federal,7020,RITA DE CASSIA CORDEIRO AMARAL,RITA AMARAL,AVANTE,AVANTE,1,Não Eleito,2022-10-03 03:11:03,MA,100001723263,Válido,2040602022,72,3710277
MA,6,Deputado Federal,3526,DANIELE DA CRUZ CAMBRAIA,DANIELE CAMBRAIA,PMB,PMB,1,Não Eleito,2022-10-03 03:11:03,MA,100001723410,Válido,2040602022,71,3710277
MA,6,Deputado Federal,2811,HUMBERTO SÉRGIO BELISÁRIO MOTA,DR BEBETO,PRTB,PRTB,1,Não Eleito,2022-10-03 03:11:03,MA,100001723423,Válido,2040602022,67,3710277
MA,6,Deputado Federal,5081,MARIA LUCIMAR VIDAL DE LIMA,MARIA LUCIMAR,PSOL,REDE / PSOL,1,Não Eleito,2022-10-03 03:11:03,MA,100001713819,Válido,2040602022,65,3710277
MA,6,Deputado Federal,2929,DIMAS CASSIMIRO DO NASCIMENTO,DIMAS CASSIMIRO DO NASCIMENTO,PCO,PCO,1,Não Eleito,2022-10-03 03:11:03,MA,100001666494,Válido,2040602022,63,3710277
MA,6,Deputado Federal,3671,SARA CHRISTINA MENDES NASCIMENTO,SARAH MENDES,AGIR,AGIR,1,Não Eleito,2022-10-03 03:11:03,MA,100001632863,Válido,2040602022,62,3710277
MA,6,Deputado Federal,7780,JOSIVALDO CARVALHO,JOSIVALDO JK,SOLIDARIEDADE,SOLIDARIEDADE,1,Não Eleito,2022-10-03 03:11:03,MA,100001689788,Válido,2040602022,59,3710277
MA,6,Deputado Federal,3513,CARLOS MAGNO DOS REMEDIOS,COLETIVO UNIDOS PELO MARANHÃO,PMB,PMB,1,Não Eleito,2022-10-03 03:11:03,MA,100001723415,Válido,2040602022,58,3710277
MA,6,Deputado Federal,5040,ANDREA JANE SANTOS VIANA,ANDREA JANE,PSOL,REDE / PSOL,1,Não Eleito,2022-10-03 03:11:03,MA,100001713827,Válido,2040602022,57,3710277
MA,6,Deputado Federal,7789,VANESSA RODRIGUES LIMA,VANESSA LIMA,SOLIDARIEDADE,SOLIDARIEDADE,1,Não Eleito,2022-10-03 03:11:03,MA,100001689789,Válido,2040602022,57,3710277
MA,6,Deputado Federal,7026,ANA CLÁUDIA SANTOS,ANA CLÁUDIA,AVANTE,AVANTE,1,Não Eleito,2022-10-03 03:11:03,MA,100001723259,Válido,2040602022,56,3710277
MA,6,Deputado Federal,7723,ANA MARIA ALMEIDA COSTA,ANA MARIA DO SÁ VIANA,SOLIDARIEDADE,SOLIDARIEDADE,1,Não Eleito,2022-10-03 03:11:03,MA,100001689783,Válido,2040602022,52,3710277
MA,6,Deputado Federal,2828,ENOCH ALVES RODRIGUES,ENOCH ALVES,PRTB,PRTB,1,Não Eleito,2022-10-03 03:11:03,MA,100001723429,Válido,2040602022,51,3710277
MA,6,Deputado Federal,3663,BRUNA EVERTON DE MORAIS RÊGO SARAIVA LEAO,BRUNA LEÃO,AGIR,AGIR,1,Não Eleito,2022-10-03 03:11:03,MA,100001632857,Válido,2040602022,51,3710277
MA,6,Deputado Federal,1622,SILMARA ALVES DE CARVALHO,SILMARA,PSTU,PSTU,1,Não Eleito,2022-10-03 03:11:03,MA,100001600018,Válido,2040602022,44,3710277
MA,6,Deputado Federal,2827,MARILENE CUTRIM SLVA,MARILENE CUTRIM,PRTB,PRTB,1,Não Eleito,2022-10-03 03:11:03,MA,100001723424,Válido,2040602022,36,3710277
MA,6,Deputado Federal,1504,RAIMUNDA DE SOUSA BARROS,TIA DE ESPERANTINÓPOLIS,MDB,MDB,1,Suplente,2022-10-03 03:11:03,MA,100001599084,Válido,2040602022,34,3710277
MA,6,Deputado Federal,2705,SAMUEL CALACIO ALENCAR,SAMUEL CALACIO,DC,DC,1,Não Eleito,2022-10-03 03:11:03,MA,100001638991,Válido,2040602022,33,3710277
MA,6,Deputado Federal,3540,MARIA DAS NEVES BARROS PINHEIRO,MARIA DAS NEVES,PMB,PMB,1,Não Eleito,2022-10-03 03:11:03,MA,100001723417,Válido,2040602022,30,3710277
MA,6,Deputado Federal,2712,NEILSON SOARES CARDOSO,NEILSON SOARES,DC,DC,1,Não Eleito,2022-10-03 03:11:03,MA,100001639001,Válido,2040602022,22,3710277
MA,6,Deputado Federal,9010,ELAINE CRISTINA MARQUES CORTEZ,ELAINE CORTEZ,PROS,PROS,1,Não Eleito,2022-10-03 03:11:03,MA,100001599609,Válido,2040602022,22,3710277
MA,6,Deputado Federal,2818,BYANCA REGINA BARBOSA DOS PASSOS,BYANCA REGINA,PRTB,PRTB,1,Não Eleito,2022-10-03 03:11:03,MA,100001723428,Válido,2040602022,15,3710277
MA,6,Deputado Federal,2874,ANTONIA SANTOS,ANTONIA SANTOS,PRTB,PRTB,1,Não Eleito,2022-10-03 03:11:03,MA,100001723427,Válido,2040602022,3,3710277
MA,6,Deputado Federal,5050,ASSIS BRITO COSTA,PASTOR ASSIS,PSOL,REDE / PSOL,1,Não Eleito,2022-10-03 03:11:03,MA,100001737553,Anulado sub judice,2040602022,0,3710277
MA,6,Deputado Federal,1414,ANTONIO CICERO LOPES ASSUNÇÃO,PASTOR ANTÔNIO CICERO,PTB,PTB,1,Não Eleito,2022-10-03 03:11:03,MA,100001648826,Anulado sub judice,2040602022,0,3710277
MA,6,Deputado Federal,1417,ALBERTINHO SOUSA DA MOTA,ALBERTO EDUARDO,PTB,PTB,1,Não Eleito,2022-10-03 03:11:03,MA,100001648831,Anulado sub judice,2040602022,0,3710277
MA,6,Deputado Federal,9033,JOSE EDILSON DE SOUSA SILVA,EDILSON DOS COLCHÕES,PROS,PROS,1,Não Eleito,2022-10-03 03:11:03,MA,100001599604,Anulado sub judice,2040602022,0,3710277
MA,6,Deputado Federal,9001,RAIMUNDO NONATO SILVA,NONATO BALECO,PROS,PROS,1,Não Eleito,2022-10-03 03:11:03,MA,100001599596,Anulado sub judice,2040602022,0,3710277
MA,6,Deputado Federal,1951,MARIA DE FATIMA OLIVEIRA DA SILVA,PROFª FAFÁ,PODE,PODE,1,Não Eleito,2022-10-03 03:11:03,MA,100001718928,Anulado sub judice,2040602022,0,3710277
MA,6,Deputado Federal,1988,JOSE ANTONIO CAMPOS,ZÉ ANTONIO,PODE,PODE,1,Não Eleito,2022-10-03 03:11:03,MA,100001718927,Anulado sub judice,2040602022,0,3710277
MA,6,Deputado Federal,3606,FRANCISCO DAS CHAGAS OLIVEIRA SANTOS,FRANK NIGTH,AGIR,AGIR,1,Não Eleito,2022-10-03 03:11:03,MA,100001632852,Anulado sub judice,2040602022,0,3710277